Workbook

Sheet Master_List
A1: # | B1: Name | C1: Batch / Group | D1: Pledged_INR | E1: Received_Confirmed | F1: Received_Pending | G1: Total_Claimed | H1: Payment Status | I1: Verification Status | J1: Bank_Refs | K1: Pending_Refs | L1: Notes
A2: 1 | B2: Anand S | C2: Batch-1998 | D2: 50000 | E2: =SUMIFS(PNB_Statement!C:C,PNB_Statement!G:G,A2,PNB_Statement!D:D,"CR")+SUMIFS(Canara_Statement!C:C,Canara_Statement!G:G,A2,Canara_Statement!D:D,"CR")+SUMIFS(Holding_Account!C:C,Holding_Account!G:G,A2,Holding_Account!D:D,"CR") -> 50000 | F2: 0 | G2: =E2+F2 -> 50000 | H2: OK | I2: Verified | J2: UPI/2026051912345
A3: 2 | B3: Bhavna K | C3: Work-circle | D3: 25000 | E3: =SUMIFS(PNB_Statement!C:C,PNB_Statement!G:G,A3,PNB_Statement!D:D,"CR")+SUMIFS(Canara_Statement!C:C,Canara_Statement!G:G,A3,Canara_Statement!D:D,"CR")+SUMIFS(Holding_Account!C:C,Holding_Account!G:G,A3,Holding_Account!D:D,"CR") -> 25000 | F3: 0 | G3: =E3+F3 -> 25000 | H3: OK | I3: Verified | J3: UPI/2026051923456
A4: 3 | B4: Chetan M | C4: Batch-1998 | D4: 100000 | E4: =SUMIFS(PNB_Statement!C:C,PNB_Statement!G:G,A4,PNB_Statement!D:D,"CR")+SUMIFS(Canara_Statement!C:C,Canara_Statement!G:G,A4,Canara_Statement!D:D,"CR")+SUMIFS(Holding_Account!C:C,Holding_Account!G:G,A4,Holding_Account!D:D,"CR") -> 100000 | F4: 0 | G4: =E4+F4 -> 100000 | H4: OK | I4: Verified | J4: UPI/2026051967890
A5: 4 | B5: Deepa R | C5: Family | D5: 10000 | E5: =SUMIFS(PNB_Statement!C:C,PNB_Statement!G:G,A5,PNB_Statement!D:D,"CR")+SUMIFS(Canara_Statement!C:C,Canara_Statement!G:G,A5,Canara_Statement!D:D,"CR")+SUMIFS(Holding_Account!C:C,Holding_Account!G:G,A5,Holding_Account!D:D,"CR") -> 0 | F5: 10000 | G5: =E5+F5 -> 10000 | H5: PENDING | I5: Pending Verification | K5: Screenshot · WhatsApp · 21-May 14:20 | L5: Claim sent, not yet in bank
A6: 5 | B6: Eshan P | C6: Batch-2000 | D6: 15000 | E6: =SUMIFS(PNB_Statement!C:C,PNB_Statement!G:G,A6,PNB_Statement!D:D,"CR")+SUMIFS(Canara_Statement!C:C,Canara_Statement!G:G,A6,Canara_Statement!D:D,"CR")+SUMIFS(Holding_Account!C:C,Holding_Account!G:G,A6,Holding_Account!D:D,"CR") -> 10000 | F6: 5000 | G6: =E6+F6 -> 15000 | H6: PARTIAL | I6: Verified | J6: UPI/2026052156789 | K6: Screenshot · WhatsApp · 22-May 09:10 | L6: 10K in bank, 5K pending
A7: 6 | B7: Farhan A | C7: Overseas | D7: 20000 | E7: =SUMIFS(PNB_Statement!C:C,PNB_Statement!G:G,A7,PNB_Statement!D:D,"CR")+SUMIFS(Canara_Statement!C:C,Canara_Statement!G:G,A7,Canara_Statement!D:D,"CR")+SUMIFS(Holding_Account!C:C,Holding_Account!G:G,A7,Holding_Account!D:D,"CR") -> 20000 | F7: 0 | G7: =E7+F7 -> 20000 | H7: OK | I7: Verified | J7: MLP/MILAAP-EXT-9921 | L7: Routed via Milaap to Holding
A8: 7 | B8: Gaurav S | C8: Batch-1998 | D8: 5000 | E8: =SUMIFS(PNB_Statement!C:C,PNB_Statement!G:G,A8,PNB_Statement!D:D,"CR")+SUMIFS(Canara_Statement!C:C,Canara_Statement!G:G,A8,Canara_Statement!D:D,"CR")+SUMIFS(Holding_Account!C:C,Holding_Account!G:G,A8,Holding_Account!D:D,"CR") -> 5000 | F8: 0 | G8: =E8+F8 -> 5000 | H8: OK | I8: Verified | J8: HOLD/H001 | L8: Paid into Holding intermediary
A9: 8 | B9: Hema V | C9: Work-circle | D9: 30000 | E9: =SUMIFS(PNB_Statement!C:C,PNB_Statement!G:G,A9,PNB_Statement!D:D,"CR")+SUMIFS(Canara_Statement!C:C,Canara_Statement!G:G,A9,Canara_Statement!D:D,"CR")+SUMIFS(Holding_Account!C:C,Holding_Account!G:G,A9,Holding_Account!D:D,"CR") -> 0 | F9: 30000 | G9: =E9+F9 -> 30000 | H9: PENDING | I9: Pending Verification | K9: Screenshot · WhatsApp · 21-May 19:42 | L9: Awaiting next PNB statement
A10: 9 | B10: Ishan T | C10: Batch-1999 | D10: 50000 | E10: =SUMIFS(PNB_Statement!C:C,PNB_Statement!G:G,A10,PNB_Statement!D:D,"CR")+SUMIFS(Canara_Statement!C:C,Canara_Statement!G:G,A10,Canara_Statement!D:D,"CR")+SUMIFS(Holding_Account!C:C,Holding_Account!G:G,A10,Holding_Account!D:D,"CR") -> 50000 | F10: 0 | G10: =E10+F10 -> 50000 | H10: OK | I10: Verified | J10: UPI/2026052045678
A11: 10 | B11: Jaya M | C11: Family | D11: 25000 | E11: =SUMIFS(PNB_Statement!C:C,PNB_Statement!G:G,A11,PNB_Statement!D:D,"CR")+SUMIFS(Canara_Statement!C:C,Canara_Statement!G:G,A11,Canara_Statement!D:D,"CR")+SUMIFS(Holding_Account!C:C,Holding_Account!G:G,A11,Holding_Account!D:D,"CR") -> 25000 | F11: 0 | G11: =E11+F11 -> 25000 | H11: OK | I11: Verified | J11: UPI/2026052078901

Sheet PNB_Statement
A1: Date | B1: Time | C1: Amount | D1: Type | E1: Sender (bank-name) | F1: UTR / UPI Ref | G1: Mapped_To_# | H1: Status | I1: Source | J1: Linked Name | K1: Notes
A2: 19-05-2026 | C2: 50000 | D2: CR | E2: ANAND SHARMA | F2: UPI/2026051912345 | G2: 1 | H2: Matched | I2: Stmt | J2: =IFERROR(VLOOKUP(G2,Master_List!A:B,2,FALSE()),"") -> Anand S
A3: 19-05-2026 | C3: 25000 | D3: CR | E3: BHAVNA KAPOOR | F3: UPI/2026051923456 | G3: 2 | H3: Matched | I3: Stmt | J3: =IFERROR(VLOOKUP(G3,Master_List!A:B,2,FALSE()),"") -> Bhavna K
A4: 20-05-2026 | C4: 15000 | D4: CR | E4: RAVI KUMAR | F4: UPI/2026052034567 | H4: Unreviewed | I4: Stmt | J4: =IFERROR(VLOOKUP(G4,Master_List!A:B,2,FALSE()),"") | K4: Sender not on Master_List — ask fundraiser
A5: 20-05-2026 | C5: 50000 | D5: CR | E5: ISHAN TANDON | F5: UPI/2026052045678 | G5: 9 | H5: Matched | I5: Stmt | J5: =IFERROR(VLOOKUP(G5,Master_List!A:B,2,FALSE()),"") -> Ishan T
A6: 21-05-2026 | C6: 10000 | D6: CR | E6: ESHAN PAUL | F6: UPI/2026052156789 | G6: 5 | H6: Matched | I6: Stmt | J6: =IFERROR(VLOOKUP(G6,Master_List!A:B,2,FALSE()),"") -> Eshan P | K6: First instalment; 5K still pending

Sheet Canara_Statement
A1: Date | B1: Time | C1: Amount | D1: Type | E1: Sender (bank-name) | F1: UTR / UPI Ref | G1: Mapped_To_# | H1: Status | I1: Source | J1: Linked Name | K1: Notes
A2: 19-05-2026 | B2: 14:32 | C2: 100000 | D2: CR | E2: CHETAN MEHTA | F2: UPI/2026051967890 | G2: 3 | H2: Matched | I2: Stmt | J2: =IFERROR(VLOOKUP(G2,Master_List!A:B,2,FALSE()),"") -> Chetan M
A3: 20-05-2026 | B3: 10:15 | C3: 25000 | D3: CR | E3: JAYA MENON | F3: UPI/2026052078901 | G3: 10 | H3: Matched | I3: Stmt | J3: =IFERROR(VLOOKUP(G3,Master_List!A:B,2,FALSE()),"") -> Jaya M
A4: 20-05-2026 | B4: 16:42 | C4: 25000 | D4: CR | E4: HOLDING POOL SWEEP | F4: SWP/HOLD-CAN-001 | H4: Internal | I4: Stmt | J4: =IFERROR(VLOOKUP(G4,Master_List!A:B,2,FALSE()),"") | K4: Sweep from Holding_Account row 4 — NOT a contribution

Sheet Holding_Account
A1: Date | B1: Time | C1: Amount | D1: Type | E1: Sender (bank-name) | F1: UTR / UPI Ref | G1: Mapped_To_# | H1: Status | I1: Source | J1: Linked Name | K1: Notes | M1: Holding Balance | N1: =SUMIFS(C:C,D:D,"CR")-SUMIFS(C:C,D:D,"DR") -> 0
A2: 18-05-2026 | B2: 11:20 | C2: 5000 | D2: CR | E2: GAURAV SINGH | F2: HOLD/H001 | G2: 7 | H2: Matched | I2: Stmt | J2: =IFERROR(VLOOKUP(G2,Master_List!A:B,2,FALSE()),"") -> Gaurav S
A3: 18-05-2026 | B3: 13:45 | C3: 20000 | D3: CR | E3: FARHAN AHMED (MILAAP) | F3: MLP/MILAAP-EXT-9921 | G3: 6 | H3: Matched | I3: Stmt | J3: =IFERROR(VLOOKUP(G3,Master_List!A:B,2,FALSE()),"") -> Farhan A | K3: Routed via Milaap into Holding
A4: 20-05-2026 | B4: 16:42 | C4: 25000 | D4: DR | E4: SWEEP TO CANARA | F4: SWP/HOLD-CAN-001 | H4: Internal | I4: Stmt | J4: =IFERROR(VLOOKUP(G4,Master_List!A:B,2,FALSE()),"") | K4: SWEEP — Holding → Canara. NOT a contribution.

Sheet Distribution_List
A1: # | B1: Display Name | C1: Phone | D1: Tier | E1: Master_List Link | F1: Notes | G1: Last Sent Date | H1: Last Send Status | I1: Removed
A2: 1 | B2: Anand S | D2: Existing | E2: 1 | F2: Saved contact | G2: 2026-05-22 | H2: msg-dblcheck | I2: FALSE
A3: 2 | B3: Bhavna K | D3: Existing | E3: 2 | F3: Saved contact | G3: 2026-05-22 | H3: msg-dblcheck | I3: FALSE
A4: 3 | B4: Chetan M | D4: Existing | E4: 3 | G4: 2026-05-22 | H4: msg-check | I4: FALSE
A5: 4 | B5: Deepa R | C5: 918XXXXX1234 | D5: Existing | E5: 4 | F5: Unsaved contact — using deep-link | G5: 2026-05-22 | H5: msg-dblcheck | I5: FALSE
A6: 5 | B6: Eshan P | D6: Existing | E6: 5 | G6: 2026-05-22 | H6: msg-check | I6: FALSE
A7: 6 | B7: Farhan A | C7: 971XXXXX5678 | D7: Existing | E7: 6 | F7: Overseas — Milaap contributor | G7: 2026-05-22 | H7: msg-dblcheck | I7: FALSE
A8: 7 | B8: Gaurav S | D8: Existing | E8: 7 | F8: Via Holding intermediary | G8: 2026-05-22 | H8: msg-check | I8: FALSE
A9: 8 | B9: Hema V | D9: Existing | E9: 8 | G9: 2026-05-22 | H9: msg-dblcheck | I9: FALSE
A10: 9 | B10: Ishan T | D10: Existing | E10: 9 | G10: 2026-05-22 | H10: msg-check | I10: FALSE
A11: 10 | B11: Jaya M | D11: Existing | E11: 10 | G11: 2026-05-22 | H11: msg-dblcheck | I11: FALSE
A12: 11 | B12: Karthik N | C12: 919XXXXX7777 | D12: Added 21-May | F12: Forwarder — wants future updates | G12: 2026-05-22 | H12: msg-check | I12: FALSE
A13: 12 | B13: Lakshmi V | D13: Existing | F13: Forwarder; circulates within family group | G13: 2026-05-22 | H13: msg-dblcheck | I13: FALSE
A14: 13 | B14: Manish K | D14: Existing | F14: Not a contributor; forwarder only | G14: 2026-05-22 | H14: msg-check | I14: FALSE
A15: 14 | B15: Batch-1998 group | D15: Group | F15: WhatsApp group — manual touch needed | G15: 2026-05-22 | H15: msg-check | I15: FALSE
A16: 15 | B16: Nikhil P | D16: Existing | F16: Asked to be removed on 21-May | G16: 2026-05-21 | H16: msg-dblcheck | I16: TRUE

Sheet Audit_Log
A1: Timestamp | B1: Master_List # | C1: Sheet | D1: Row | E1: Field | F1: Before | G1: After | H1: Trigger | I1: Evidence Ref
A2: 2026-05-19T08:14:22 | B2: 1 | C2: PNB_Statement | D2: 2 | E2: Mapped_To_# | G2: 1 | H2: Bank stmt import | I2: UPI/2026051912345
A3: 2026-05-19T08:14:35 | B3: 2 | C3: PNB_Statement | D3: 3 | E3: Mapped_To_# | G3: 2 | H3: Bank stmt import | I3: UPI/2026051923456
A4: 2026-05-19T08:14:48 | B4: 3 | C4: Canara_Statement | D4: 2 | E4: Mapped_To_# | G4: 3 | H4: Bank stmt import | I4: UPI/2026051967890
A5: 2026-05-20T09:02:11 | B5: 4 | C5: Master_List | D5: 5 | E5: Received_Pending | F5: 0 | G5: 10000 | H5: Donor screenshot | I5: WhatsApp · 21-May 14:20
A6: 2026-05-20T15:42:55 | C6: Canara_Statement | D6: 4 | E6: Status | G6: Internal | H6: Sweep handler | I6: SWP/HOLD-CAN-001
A7: 2026-05-21T07:55:12 | C7: daily_updates | D7: 0 | E7: Generated | G7: Verified=200000,Pend=45000 | H7: Generate §8.2 | I7: daily_updates/20260521_update.md
A8: 2026-05-21T07:57:33 | C8: audit | D8: 0 | E8: Verification PASS | H8: Verification §8.1 | I8: headline matches Excel
A9: 2026-05-21T07:58:02 | C9: audit | D9: 0 | E9: Audit APPROVED | H9: Audit agent §9.2 | I9: archive/audit_20260521_075800.md
A10: 2026-05-22T03:08:19 | B10: 11 | C10: Distribution_List | D10: 12 | E10: Added recipient | G10: Karthik N | H10: Add new recipient | I10: Forwarder request
A11: 2026-05-22T03:21:44 | B11: 15 | C11: Distribution_List | D11: 16 | E11: Removed | F11: FALSE | G11: TRUE | H11: Recipient opt-out | I11: WhatsApp 21-May 22:30

Sheet Action_Items
A1: # | B1: Created | C1: Type | D1: Pointer | E1: Summary | F1: Status | G1: Resolved by
A2: 1 | B2: 2026-05-20T09:35:18 | C2: Unreviewed | D2: PNB_Statement!row=4 | E2: RAVI KUMAR · ₹15,000 · 20-May · do we recognise this sender? | F2: Open
A3: 2 | B3: 2026-05-21T07:30:09 | C3: Stale-Pending | D3: Master_List!#=8 | E3: Hema V · ₹30,000 pending > 48 hours · investigate | F3: Open
A4: 3 | B4: 2026-05-22T03:08:19 | C4: New-Recipient | D4: Distribution_List!#=11 | E4: Forwarder Karthik N added; resend today's update once verified. | F4: Resolved | G4: Distribution_List row 12

Sheet Dashboard
A1: Fundraise Dashboard
A3: Snapshot as of | B3: 22-May-2026 03:30 IST
A5: Headline (three buckets)
A6: Verified in bank (named) | B6: =SUM(Master_List!E:E) -> 285000
A7: Awaiting bank statement (donor evidence in) | B7: =SUM(Master_List!F:F) -> 45000
A8: Awaiting identification (bank credits without name) | B8: =SUMIFS(PNB_Statement!C:C,PNB_Statement!G:G,"",PNB_Statement!D:D,"CR",PNB_Statement!H:H,"Unreviewed")+SUMIFS(Canara_Statement!C:C,Canara_Statement!G:G,"",Canara_Statement!D:D,"CR",Canara_Statement!H:H,"Unreviewed") -> 15000
A9: Grand total (publishable headline) | B9: =B6+B7+B8 -> 345000
A11: By channel (gross CR)
A12: PNB_Statement | B12: =SUMIFS(PNB_Statement!C:C,PNB_Statement!D:D,"CR") -> 150000
A13: Canara_Statement | B13: =SUMIFS(Canara_Statement!C:C,Canara_Statement!D:D,"CR") -> 150000
A14: Holding_Account | B14: =SUMIFS(Holding_Account!C:C,Holding_Account!D:D,"CR") -> 25000
A16: Holding balance (residual in pool) | B16: =SUMIFS(Holding_Account!C:C,Holding_Account!D:D,"CR")-SUMIFS(Holding_Account!C:C,Holding_Account!D:D,"DR") -> 0
A18: Contributors by Payment Status
A19: OK | B19: =COUNTIF(Master_List!H:H,"OK") -> 7
A20: PARTIAL | B20: =COUNTIF(Master_List!H:H,"PARTIAL") -> 1
A21: PENDING | B21: =COUNTIF(Master_List!H:H,"PENDING") -> 2
A22: OVER | B22: =COUNTIF(Master_List!H:H,"OVER") -> 0
A23: REMOVED | B23: =COUNTIF(Master_List!H:H,"REMOVED") -> 0
A25: Open Action_Items | B25: =COUNTIF(Action_Items!F:F,"Open") -> 2
